id,first_name,last_name,email,gender
1,Urbano,Hicks,uhicks0@example.com,Male
2,Keefer,Jillings,kjillings1@liveinternet.ru,Male
3,Kariotta,Stones,kstones2@earthlink.net,Female
4,Leila,Mathivat,lmathivat3@ca.gov,Female
5,Alejoa,Iorio,aiorio4@stanford.edu,Male
6,Birch,Holcroft,bholcroft5@1und1.de,Male
7,Saraann,Dunlop,sdunlop6@china.com.cn,Female
8,Sloan,Dederich,sdederich7@reverbnation.com,Male
9,Bianka,Huntington,bhuntington8@quantcast.com,Female
10,Nat,Guidi,nguidi9@salon.com,Female
11,Van,Lyster,vlystera@freewebs.com,Male
12,Sydney,Litchmore,slitchmoreb@ucla.edu,Male
13,Philip,Teare,ptearec@parallels.com,Male
14,Emmey,Gianuzzi,egianuzzid@dropbox.com,Female
15,Alphard,Ixer,aixere@jugem.jp,Male
16,Hazlett,Frankish,hfrankishf@engadget.com,Male
17,Emma,Abelov,eabelovg@canalblog.com,Female
18,Alphonso,Stanger,astangerh@shareasale.com,Male
19,Bobbye,Shawcroft,bshawcrofti@nhs.uk,Female
20,Cissiee,Srawley,csrawleyj@themeforest.net,Female
